<?xml version="1.0" encoding="UTF-8"?>
<!-- Copyright ETS-Soft -->
<slides><slide obj="MLS_Slide" id_slide="1" image="" repeat_x="0" repeat_y="0" sort_order="1" backgroud_color="#f6f6f6" custom_class="" enabled="1" animation_in="zoomInFlipHoriz" animation_out="zoomOutFlipVert" title="Slide 1" link_img="" max_layer_in="3500" max_layer_out="1200"><layers><layer obj="MLS_Layer" id_slide="1" layer_type="text" font_size="110.00" text_color="#eeeeee" custom_class="" background_color="#F3F3F3" background_opacity="1.00" font_family="" font_weight="bold" text_decoration="none" text_transform="uppercase" padding="5px 10px" box_radius="20" top="61.15" left="34.00" right="0.00" top_right="0.00" animation_in="fadeIn" animation_out="fadeOut" width="" height="" sort_order="1" move_in="1000" move_out="500" stand_duration="0" start_delay="0" image="" content_layer="PERFECT" link="" link_image="/ybcthemes/amazonas/modules/ets_multilayerslider/views/img/upload/"/><layer obj="MLS_Layer" id_slide="1" layer_type="text_background" font_size="18.00" text_color="#eeeeee" custom_class="" background_color="#464444" background_opacity="1.00" font_family="Lato" font_weight="normal" text_decoration="none" text_transform="uppercase" padding="1px 5px" box_radius="20" top="119.00" left="119.00" right="0.00" top_right="0.00" animation_in="fadeInLeft" animation_out="fadeOutLeft" width="" height="" sort_order="2" move_in="1000" move_out="500" stand_duration="0" start_delay="0" image="" content_layer="New design" link="" link_image="/ybcthemes/amazonas/modules/ets_multilayerslider/views/img/upload/"/><layer obj="MLS_Layer" id_slide="1" layer_type="text" font_size="40.00" text_color="#333333" custom_class="" background_color="#F3F3F3" background_opacity="1.00" font_family="" font_weight="normal" text_decoration="none" text_transform="uppercase" padding="5px 10px" box_radius="20" top="157.00" left="116.00" right="0.00" top_right="0.00" animation_in="slideInRight" animation_out="slideOutRight" width="" height="" sort_order="3" move_in="1000" move_out="500" stand_duration="0" start_delay="0" image="" content_layer="Up to" link="" link_image="/ybcthemes/amazonas/modules/ets_multilayerslider/views/img/upload/"/><layer obj="MLS_Layer" id_slide="1" layer_type="text" font_size="40.00" text_color="#57b30c" custom_class="main-color" background_color="#ec4249" background_opacity="1.00" font_family="Lato" font_weight="bold" text_decoration="none" text_transform="uppercase" padding="10px 20px" box_radius="20" top="157.00" left="240.00" right="0.00" top_right="0.00" animation_in="slideInRight" animation_out="slideOutRight" width="" height="" sort_order="4" move_in="1000" move_out="700" stand_duration="500" start_delay="900" image="" content_layer="20% off" link="#" link_image="/ybcthemes/amazonas/modules/ets_multilayerslider/views/img/upload/"/><layer obj="MLS_Layer" id_slide="1" layer_type="button" font_size="17.00" text_color="#333333" custom_class="" background_color="" background_opacity="1.00" font_family="Lato" font_weight="bold" text_decoration="none" text_transform="uppercase" padding="" box_radius="0" top="253.00" left="117.00" right="0.00" top_right="0.00" animation_in="zoomIn" animation_out="zoomOut" width="" height="" sort_order="5" move_in="1000" move_out="500" stand_duration="500" start_delay="2500" image="" content_layer="Purchase Now" link="#" link_image="/ybcthemes/amazonas/modules/ets_multilayerslider/views/img/upload/"/><layer obj="MLS_Layer" id_slide="1" layer_type="image" font_size="30.00" text_color="#222222" custom_class="" background_color="#F3F3F3" background_opacity="1.00" font_family="" font_weight="normal" text_decoration="none" text_transform="none" padding="5px 10px" box_radius="20" top="75.00" left="504.00" right="0.00" top_right="0.00" animation_in="fadeIn" animation_out="fadeOut" width="" height="" sort_order="6" move_in="1000" move_out="500" stand_duration="0" start_delay="0" image="s1.png" content_layer="" link="" link_image="/ybcthemes/amazonas/modules/ets_multilayerslider/views/img/upload/s1.png"/><layer obj="MLS_Layer" id_slide="1" layer_type="text" font_size="18.00" text_color="#929292" custom_class="" background_color="#F3F3F3" background_opacity="1.00" font_family="" font_weight="normal" text_decoration="none" text_transform="none" padding="5px 10px" box_radius="20" top="215.00" left="119.00" right="0.00" top_right="0.00" animation_in="fadeIn" animation_out="fadeOut" width="" height="" sort_order="7" move_in="1000" move_out="500" stand_duration="0" start_delay="0" image="" content_layer="Apply for all products" link="" link_image="/ybcthemes/amazonas/modules/ets_multilayerslider/views/img/upload/"/></layers></slide><slide obj="MLS_Slide" id_slide="9" image="" repeat_x="0" repeat_y="0" sort_order="2" backgroud_color="#f6f6f6" custom_class="" enabled="1" animation_in="zoomInFlipHoriz" animation_out="zoomOutFlipVert" title="Slide 2" link_img="" max_layer_in="3500" max_layer_out="1200"><layers><layer obj="MLS_Layer" id_slide="9" layer_type="text" font_size="85.00" text_color="#eeeeee" custom_class="" background_color="#F3F3F3" background_opacity="1.00" font_family="" font_weight="bold" text_decoration="none" text_transform="uppercase" padding="5px 10px" box_radius="20" top="89.00" left="362.00" right="0.00" top_right="0.00" animation_in="fadeIn" animation_out="fadeOut" width="" height="" sort_order="2" move_in="1000" move_out="500" stand_duration="0" start_delay="0" image="" content_layer="FURNITURE" link="" link_image="/ybcthemes/amazonas/modules/ets_multilayerslider/views/img/upload/"/><layer obj="MLS_Layer" id_slide="9" layer_type="text_background" font_size="18.00" text_color="#eeeeee" custom_class="" background_color="#464444" background_opacity="1.00" font_family="Lato" font_weight="normal" text_decoration="none" text_transform="uppercase" padding="1px 5px" box_radius="20" top="135.00" left="441.00" right="0.00" top_right="0.00" animation_in="fadeInLeft" animation_out="fadeOutLeft" width="" height="" sort_order="3" move_in="1000" move_out="500" stand_duration="0" start_delay="0" image="" content_layer="COLLECTION" link="" link_image="/ybcthemes/amazonas/modules/ets_multilayerslider/views/img/upload/"/><layer obj="MLS_Layer" id_slide="9" layer_type="text" font_size="40.00" text_color="#333333" custom_class="" background_color="#F3F3F3" background_opacity="1.00" font_family="" font_weight="normal" text_decoration="none" text_transform="uppercase" padding="5px 10px" box_radius="20" top="174.00" left="437.00" right="0.00" top_right="0.00" animation_in="slideInRight" animation_out="slideOutRight" width="" height="" sort_order="4" move_in="1000" move_out="500" stand_duration="0" start_delay="0" image="" content_layer="FURNITURE" link="" link_image="/ybcthemes/amazonas/modules/ets_multilayerslider/views/img/upload/"/><layer obj="MLS_Layer" id_slide="9" layer_type="text" font_size="40.00" text_color="#57b30c" custom_class="main-color" background_color="#ec4249" background_opacity="1.00" font_family="Lato" font_weight="bold" text_decoration="none" text_transform="uppercase" padding="10px 20px" box_radius="20" top="174.00" left="669.00" right="0.00" top_right="0.00" animation_in="slideInRight" animation_out="slideOutRight" width="" height="" sort_order="5" move_in="1000" move_out="700" stand_duration="500" start_delay="900" image="" content_layer="2017" link="#" link_image="/ybcthemes/amazonas/modules/ets_multilayerslider/views/img/upload/"/><layer obj="MLS_Layer" id_slide="9" layer_type="button" font_size="16.00" text_color="#333333" custom_class="" background_color="" background_opacity="1.00" font_family="Lato" font_weight="bold" text_decoration="none" text_transform="uppercase" padding="" box_radius="0" top="271.00" left="439.00" right="0.00" top_right="0.00" animation_in="zoomIn" animation_out="zoomOut" width="" height="" sort_order="6" move_in="1000" move_out="500" stand_duration="500" start_delay="2500" image="" content_layer="Purchase Now" link="#" link_image="/ybcthemes/amazonas/modules/ets_multilayerslider/views/img/upload/"/><layer obj="MLS_Layer" id_slide="9" layer_type="image" font_size="30.00" text_color="#222222" custom_class="" background_color="#F3F3F3" background_opacity="1.00" font_family="" font_weight="normal" text_decoration="none" text_transform="none" padding="5px 10px" box_radius="20" top="75.00" left="102.00" right="0.00" top_right="0.00" animation_in="fadeIn" animation_out="fadeOut" width="" height="" sort_order="7" move_in="1000" move_out="500" stand_duration="0" start_delay="0" image="sl2.png" content_layer="" link="" link_image="/ybcthemes/amazonas/modules/ets_multilayerslider/views/img/upload/sl2.png"/><layer obj="MLS_Layer" id_slide="9" layer_type="text" font_size="18.00" text_color="#929292" custom_class="" background_color="#F3F3F3" background_opacity="1.00" font_family="" font_weight="normal" text_decoration="none" text_transform="none" padding="5px 10px" box_radius="20" top="232.00" left="440.00" right="0.00" top_right="0.00" animation_in="fadeIn" animation_out="fadeOut" width="" height="" sort_order="8" move_in="1000" move_out="500" stand_duration="0" start_delay="0" image="" content_layer="New arrivals" link="" link_image="/ybcthemes/amazonas/modules/ets_multilayerslider/views/img/upload/"/></layers></slide><slide obj="MLS_Slide" id_slide="10" image="" repeat_x="0" repeat_y="0" sort_order="3" backgroud_color="#f6f6f6" custom_class="" enabled="1" animation_in="zoomInFlipHoriz" animation_out="zoomOutFlipVert" title="Slide 3" link_img="" max_layer_in="3500" max_layer_out="1200"><layers><layer obj="MLS_Layer" id_slide="10" layer_type="text" font_size="85.00" text_color="#eeeeee" custom_class="" background_color="#F3F3F3" background_opacity="1.00" font_family="" font_weight="bold" text_decoration="none" text_transform="uppercase" padding="5px 10px" box_radius="20" top="89.00" left="394.00" right="0.00" top_right="0.00" animation_in="fadeIn" animation_out="fadeOut" width="" height="" sort_order="3" move_in="1000" move_out="500" stand_duration="0" start_delay="0" image="" content_layer="kitchen" link="" link_image="/ybcthemes/amazonas/modules/ets_multilayerslider/views/img/upload/"/><layer obj="MLS_Layer" id_slide="10" layer_type="text_background" font_size="18.00" text_color="#eeeeee" custom_class="" background_color="#464444" background_opacity="1.00" font_family="Lato" font_weight="normal" text_decoration="none" text_transform="uppercase" padding="1px 5px" box_radius="20" top="135.00" left="438.00" right="0.00" top_right="0.00" animation_in="fadeInLeft" animation_out="fadeOutLeft" width="" height="" sort_order="4" move_in="1000" move_out="500" stand_duration="0" start_delay="0" image="" content_layer="Accessories" link="" link_image="/ybcthemes/amazonas/modules/ets_multilayerslider/views/img/upload/"/><layer obj="MLS_Layer" id_slide="10" layer_type="text" font_size="40.00" text_color="#333333" custom_class="" background_color="#F3F3F3" background_opacity="1.00" font_family="" font_weight="normal" text_decoration="none" text_transform="uppercase" padding="5px 10px" box_radius="20" top="173.00" left="436.00" right="0.00" top_right="0.00" animation_in="slideInRight" animation_out="slideOutRight" width="" height="" sort_order="5" move_in="1000" move_out="500" stand_duration="0" start_delay="0" image="" content_layer="kitchen" link="" link_image="/ybcthemes/amazonas/modules/ets_multilayerslider/views/img/upload/"/><layer obj="MLS_Layer" id_slide="10" layer_type="text" font_size="40.00" text_color="#57b30c" custom_class="main-color" background_color="#ec4249" background_opacity="1.00" font_family="Lato" font_weight="bold" text_decoration="none" text_transform="uppercase" padding="10px 20px" box_radius="20" top="173.00" left="619.00" right="0.00" top_right="0.00" animation_in="slideInRight" animation_out="slideOutRight" width="" height="" sort_order="6" move_in="1000" move_out="700" stand_duration="500" start_delay="900" image="" content_layer="15% off" link="#" link_image="/ybcthemes/amazonas/modules/ets_multilayerslider/views/img/upload/"/><layer obj="MLS_Layer" id_slide="10" layer_type="button" font_size="17.00" text_color="#333333" custom_class="" background_color="" background_opacity="1.00" font_family="Lato" font_weight="bold" text_decoration="none" text_transform="uppercase" padding="" box_radius="0" top="269.00" left="437.00" right="0.00" top_right="0.00" animation_in="zoomIn" animation_out="zoomOut" width="" height="" sort_order="7" move_in="1000" move_out="500" stand_duration="500" start_delay="2500" image="" content_layer="Purchase Now" link="#" link_image="/ybcthemes/amazonas/modules/ets_multilayerslider/views/img/upload/"/><layer obj="MLS_Layer" id_slide="10" layer_type="image" font_size="30.00" text_color="#222222" custom_class="" background_color="#F3F3F3" background_opacity="1.00" font_family="" font_weight="normal" text_decoration="none" text_transform="none" padding="5px 10px" box_radius="20" top="54.00" left="66.00" right="0.00" top_right="0.00" animation_in="fadeIn" animation_out="fadeOut" width="" height="" sort_order="8" move_in="1000" move_out="500" stand_duration="0" start_delay="0" image="sl3.png" content_layer="" link="" link_image="/ybcthemes/amazonas/modules/ets_multilayerslider/views/img/upload/sl3.png"/><layer obj="MLS_Layer" id_slide="10" layer_type="text" font_size="18.00" text_color="#929292" custom_class="" background_color="#F3F3F3" background_opacity="1.00" font_family="" font_weight="normal" text_decoration="none" text_transform="none" padding="5px 10px" box_radius="20" top="231.00" left="439.00" right="0.00" top_right="0.00" animation_in="fadeIn" animation_out="fadeOut" width="" height="" sort_order="9" move_in="1000" move_out="500" stand_duration="0" start_delay="0" image="" content_layer="Modern design" link="" link_image="/ybcthemes/amazonas/modules/ets_multilayerslider/views/img/upload/"/></layers></slide></slides>
