<?xml version="1.0" encoding="UTF-8"?>
<!-- Copyright ETS-Soft -->
<menus><menu id_menu="5" sort_order="1" enabled="1" id_cms="0" id_manufacturer="0" id_category="0" link_type="HOME" sub_menu_type="LEFT" sub_menu_max_width="70" custom_class="home_layout_menu" bubble_text_color="#ffffff" bubble_background_color="#FC4444" title="Home" link="" bubble_text="" menu_link="https://yourbestcode.com/ybcthemes/amazonas/en/"><columns/></menu><menu id_menu="6" sort_order="2" enabled="1" id_cms="0" id_manufacturer="0" id_category="4" link_type="CATEGORY" sub_menu_type="FULL" sub_menu_max_width="100" custom_class="" bubble_text_color="#ffffff" bubble_background_color="#FC4444" title="Fashion" link="" bubble_text="" menu_link="https://yourbestcode.com/ybcthemes/amazonas/en/4-tops"><columns><column id_menu="6" is_breaker="0" column_size="3" sort_order="1"><blocks><block id_column="8" block_type="CATEGORY" image="" sort_order="1" enabled="1" id_categories="7,11,10,6,5" id_manufacturers="" id_products="" id_cmss="" display_title="1" title="Lorem ipsum" title_link="" content="&lt;ul&gt;&#13;&#10;                    &lt;li&gt;&#13;&#10;                &lt;a href=&quot;#&quot;&gt;Blouses&lt;/a&gt;&#13;&#10;                            &lt;/li&gt;&#13;&#10;                    &lt;li&gt;&#13;&#10;                &lt;a href=&quot;#&quot;&gt;Casual Dresses&lt;/a&gt;&#13;&#10;                            &lt;/li&gt;&#13;&#10;                    &lt;li&gt;&#13;&#10;                &lt;a href=&quot;#&quot;&gt;Dresses&lt;/a&gt;&#13;&#10;                            &lt;/li&gt;&#13;&#10;                    &lt;li&gt;&#13;&#10;                &lt;a href=&quot;#&quot;&gt;T-shirts&lt;/a&gt;&#13;&#10;                            &lt;/li&gt;&#13;&#10;                    &lt;li&gt;&#13;&#10;                &lt;a href=&quot;#&quot;&gt;Tops&lt;/a&gt;&#13;&#10;                            &lt;/li&gt;&#13;&#10;            &lt;/ul&gt;" image_link=""/></blocks></column><column id_menu="6" is_breaker="0" column_size="3" sort_order="2"><blocks><block id_column="9" block_type="CATEGORY" image="" sort_order="1" enabled="1" id_categories="7,11,10,9,6" id_manufacturers="" id_products="" id_cmss="" display_title="1" title="Lorem ipsum" title_link="" content="&lt;ul&gt;&#13;&#10;                    &lt;li&gt;&#13;&#10;                &lt;a href=&quot;#&quot;&gt;Blouses&lt;/a&gt;&#13;&#10;                            &lt;/li&gt;&#13;&#10;                    &lt;li&gt;&#13;&#10;                &lt;a href=&quot;#&quot;&gt;Casual Dresses&lt;/a&gt;&#13;&#10;                            &lt;/li&gt;&#13;&#10;                    &lt;li&gt;&#13;&#10;                &lt;a href=&quot;#&quot;&gt;Dresses&lt;/a&gt;&#13;&#10;                            &lt;/li&gt;&#13;&#10;                    &lt;li&gt;&#13;&#10;                &lt;a href=&quot;#&quot;&gt;T-shirts&lt;/a&gt;&#13;&#10;                            &lt;/li&gt;&#13;&#10;                    &lt;li&gt;&#13;&#10;                &lt;a href=&quot;#&quot;&gt;Tops&lt;/a&gt;&#13;&#10;                            &lt;/li&gt;&#13;&#10;            &lt;/ul&gt;" image_link=""/></blocks></column><column id_menu="6" is_breaker="0" column_size="3" sort_order="3"><blocks><block id_column="11" block_type="HTML" image="" sort_order="1" enabled="1" id_categories="" id_manufacturers="" id_products="" id_cmss="" display_title="1" title="Lorem ipsum" title_link="" content="&lt;ul&gt;&#13;&#10;                    &lt;li&gt;&#13;&#10;                &lt;a href=&quot;#&quot;&gt;Blouses&lt;/a&gt;&#13;&#10;                            &lt;/li&gt;&#13;&#10;                    &lt;li&gt;&#13;&#10;                &lt;a href=&quot;#&quot;&gt;Casual Dresses&lt;/a&gt;&#13;&#10;                            &lt;/li&gt;&#13;&#10;                    &lt;li&gt;&#13;&#10;                &lt;a href=&quot;#&quot;&gt;Dresses&lt;/a&gt;&#13;&#10;                            &lt;/li&gt;&#13;&#10;                    &lt;li&gt;&#13;&#10;                &lt;a href=&quot;#&quot;&gt;T-shirts&lt;/a&gt;&#13;&#10;                            &lt;/li&gt;&#13;&#10;                    &lt;li&gt;&#13;&#10;                &lt;a href=&quot;#&quot;&gt;Tops&lt;/a&gt;&#13;&#10;                            &lt;/li&gt;&#13;&#10;            &lt;/ul&gt;" image_link=""/></blocks></column><column id_menu="6" is_breaker="0" column_size="3" sort_order="4"><blocks><block id_column="12" block_type="HTML" image="" sort_order="1" enabled="1" id_categories="" id_manufacturers="" id_products="" id_cmss="" display_title="1" title="Lorem ipsum" title_link="" content="&lt;ul&gt;&#13;&#10;                    &lt;li&gt;&#13;&#10;                &lt;a href=&quot;#&quot;&gt;Blouses&lt;/a&gt;&#13;&#10;                            &lt;/li&gt;&#13;&#10;                    &lt;li&gt;&#13;&#10;                &lt;a href=&quot;#&quot;&gt;Casual Dresses&lt;/a&gt;&#13;&#10;                            &lt;/li&gt;&#13;&#10;                    &lt;li&gt;&#13;&#10;                &lt;a href=&quot;#&quot;&gt;Dresses&lt;/a&gt;&#13;&#10;                            &lt;/li&gt;&#13;&#10;                    &lt;li&gt;&#13;&#10;                &lt;a href=&quot;#&quot;&gt;T-shirts&lt;/a&gt;&#13;&#10;                            &lt;/li&gt;&#13;&#10;                    &lt;li&gt;&#13;&#10;                &lt;a href=&quot;#&quot;&gt;Tops&lt;/a&gt;&#13;&#10;                            &lt;/li&gt;&#13;&#10;            &lt;/ul&gt;" image_link=""/></blocks></column><column id_menu="6" is_breaker="1" column_size="6" sort_order="5"><blocks><block id_column="10" block_type="IMAGE" image="banner.jpg" sort_order="1" enabled="1" id_categories="" id_manufacturers="" id_products="10,2" id_cmss="" display_title="0" title="banner" title_link="" content="" image_link="#"/></blocks></column><column id_menu="6" is_breaker="0" column_size="6" sort_order="6"><blocks><block id_column="13" block_type="IMAGE" image="group-1.jpg" sort_order="1" enabled="1" id_categories="" id_manufacturers="" id_products="10,2" id_cmss="" display_title="0" title="banner 2" title_link="" content="" image_link="#"/></blocks></column></columns></menu><menu id_menu="7" sort_order="3" enabled="1" id_cms="0" id_manufacturer="0" id_category="0" link_type="CUSTOM" sub_menu_type="FULL" sub_menu_max_width="100" custom_class="" bubble_text_color="#ffffff" bubble_background_color="#FC4444" title="Company" link="#" bubble_text="" menu_link="#"><columns/></menu><menu id_menu="9" sort_order="4" enabled="1" id_cms="4" id_manufacturer="0" id_category="0" link_type="CMS" sub_menu_type="FULL" sub_menu_max_width="100" custom_class="" bubble_text_color="#ffffff" bubble_background_color="#FC4444" title="About us" link="http://theme.yourbestcode.com/amazonas/en/content/4-about-us" bubble_text="" menu_link="https://yourbestcode.com/ybcthemes/amazonas/en/content/4-about-us"><columns/></menu><menu id_menu="8" sort_order="5" enabled="1" id_cms="0" id_manufacturer="0" id_category="0" link_type="CUSTOM" sub_menu_type="FULL" sub_menu_max_width="100" custom_class="" bubble_text_color="#ffffff" bubble_background_color="#FC4444" title="Blog" link="https://yourbestcode.com/ybcthemes/amazonas/en/blog" bubble_text="" menu_link="https://yourbestcode.com/ybcthemes/amazonas/en/blog"><columns/></menu><menu id_menu="10" sort_order="6" enabled="1" id_cms="0" id_manufacturer="0" id_category="0" link_type="CONTACT" sub_menu_type="LEFT" sub_menu_max_width="20" custom_class="contact_menu" bubble_text_color="#ffffff" bubble_background_color="#FC4444" title="Contact" link="" bubble_text="" menu_link="https://yourbestcode.com/ybcthemes/amazonas/en/contact-us"><columns><column id_menu="10" is_breaker="0" column_size="12" sort_order="1"><blocks><block id_column="14" block_type="HTML" image="" sort_order="1" enabled="1" id_categories="" id_manufacturers="" id_products="" id_cmss="" display_title="0" title="contact demo" title_link="" content="&lt;ul&gt;&#13;&#10;&lt;li&gt;&lt;a href=&quot;http://theme.yourbestcode.com/amazonas/en/contact-us?YBC_TC_CONTACT_FORM_LAYOUT=contact_layout1&quot;&gt;Contact page 1&lt;/a&gt;&lt;/li&gt;&#13;&#10;&lt;li&gt;&lt;a href=&quot;http://theme.yourbestcode.com/amazonas/en/contact-us?YBC_TC_CONTACT_FORM_LAYOUT=contact_layout2&quot;&gt;Contact page 2&lt;/a&gt;&lt;/li&gt;&#13;&#10;&lt;li&gt;&lt;a href=&quot;http://theme.yourbestcode.com/amazonas/en/contact-us?YBC_TC_CONTACT_FORM_LAYOUT=contact_layout3&quot;&gt;Contact page 3&lt;/a&gt;&lt;/li&gt;&#13;&#10;&lt;/ul&gt;" image_link=""/></blocks></column></columns></menu></menus>
